rev_devar_vijay@waters.net,male,3830,Rev. Vijay Devar,active
rana_harit_cpa@botsford.net,female,3822,Harit Rana CPA,inactive
adhiraj_bhattacharya@johns.name,male,3805,Adhiraj Bhattacharya,active
anuraag_sinha@cartwright.biz,male,3803,Anuraag Sinha,active
nehru_anuraag@mccullough.info,male,3802,Anuraag Nehru,active
jain_jr_naval@metz-corwin.io,male,3800,Naval Jain Jr.,inactive
khanna_deevakar@schneider.io,female,3795,Deevakar Khanna,active
ii_mishra_deevakar@abbott-cole.com,female,3792,Deevakar Mishra II,inactive
chandak_adiga@erdman.biz,male,3791,Chandak Adiga,active
chaitan_pres_pillai@murazik.name,female,3790,Pres. Chaitan Pillai,active
marar_aasa@hartmann.name,male,3789,Aasa Marar,active
lai_agarwal@robel.io,female,3788,Lai Agarwal,inactive
naik_aayushmaan@franecki.io,female,3787,Aayushmaan Naik,active
sharma_chaturaanan_mr@murray.org,male,3786,Mr. Chaturaanan Sharma,inactive
chopra_vasudev@rice.co,male,3785,Vasudev Chopra,active
amb_gill_dhanapati@labadie-ondricka.co,female,3784,Amb. Dhanapati Gill,active
chaturvedi_som_dr@weber.name,female,3783,Dr. Som Chaturvedi,inactive
gov_ekaling_varma@fadel.biz,male,3782,Gov. Ekaling Varma,active
vasudha_prajapat@mcclure.net,male,3781,Vasudha Prajapat,inactive
kocchar_ekdant@hoppe-lang.name,male,3780,Ekdant Kocchar,active
